WKT,id
"POLYGON ((-118.293127221321 34.2765303985848,-118.293100312641 34.2765061475527,-118.293058454695 34.2765041543171,-118.292986033805 34.2765201002013,-118.292957464096 34.2765287375552,-118.29291394512 34.276529401967,-118.292904311149 34.2765838837378,-118.292889694088 34.2765898634443,-118.292887700853 34.2766111246232,-118.292917599385 34.2766353756553,-118.292964108214 34.2766373688908,-118.292993342335 34.2766307247724,-118.293021247632 34.2766091313877,-118.293017925573 34.2765862091792,-118.293037193516 34.2765775718253,-118.293076393815 34.2765925210917,-118.293101641465 34.2765739175602,-118.293128217938 34.2765729209424,-118.293131872203 34.2765436868215,-118.293127221321 34.2765303985848))",1
"POLYGON ((-118.293301961634 34.2765742497661,-118.293248808687 34.2765599649116,-118.293192001475 34.2765490021163,-118.293161106324 34.2765370427032,-118.293162767354 34.276558303882,-118.29314516044 34.2765589682938,-118.293145824852 34.2765686022655,-118.293152136765 34.2765725887365,-118.293142834999 34.2765848803555,-118.293174062355 34.2766018228574,-118.293194326916 34.2766124534469,-118.293225222067 34.2766081347699,-118.293255785011 34.2766048127107,-118.29327704619 34.2766127856528,-118.293299636193 34.2765915244739,-118.293301961634 34.2765742497661))",1
